id,first_name,last_name,email,age,gender,state,street_address,postal_code,city,country,passwords
5775818865,Mary,Harper,maryharper@example.com,68,F,Illinois,5045 Sandra Divide Apt. 335,60609,Chicago,United States,M!a_5bCdeF8GhiJ
6772985563,William,Morris,williammorris@example.net,51,M,Maryland,40579 Koch Trail Apt. 336,20721,Woodmore,United States,K2lM_n_O9PqRstU
5229455093,Leslie,Hurst,lesliehurst@example.net,23,F,Pennsylvania,1124 Calvin Turnpike Apt. 724,18104,Allentown,United States,V@wXyZ1aB2cDeF
5970995017,Katherine,Delacruz,katherinedelacruz@example.net,59,F,Illinois,823 Cain Isle Apt. 508,60409,Calumet City,United States,G_hI3jK4lMnOpQr
7713225623,Katrina,Wagner,katrinawagner@example.org,28,F,Illinois,382 George Plaza Apt. 016,60609,Chicago,United States,S!tUvW5xY6z7aB
4313201683,Kaitlyn,Thomas,kaitlynthomas@example.net,30,F,Kentucky,378 Sarah Freeway Suite 834,40216,Louisville,United States,C_dEfGhI8jKlMn
9474078998,Sarah,Russo,sarahrusso@example.com,58,F,Florida,6523 Sexton Wall,33570,Ruskin,United States,O_pQrStUvW9xYz
1402944639,Sarah,Martin,sarahmartin@example.org,25,F,California,74538 Eric Junctions Apt. 491,94583,San Ramon,United States,A1bC_dEfG_hI2jK
9803134690,Donna,Pineda,donnapineda@example.net,18,F,Florida,343 Price River Apt. 354,34997,Port Salerno,United States,L3mN_oPqR_sT_uV
9862896116,Erika,Navarro,erikanavarro@example.net,54,F,Georgia,4684 James Court Apt. 423,30161,Rome,United States,W!xYzAbC_dEfG4h
6625608873,Melanie,Christian,melaniechristian@example.net,30,F,New Jersey,04882 Colon Light,7470,Wayne,United States,I_jK5l_mN6oPqR
5150695988,Steven,Garcia,stevengarcia@example.net,33,M,Georgia,4822 Cynthia Rapid,31794,Tifton,United States,S7t_uVwXyZ8aBc
1926010870,Shannon,Stevens,shannonstevens@example.net,64,F,Nevada,5751 Ward Ranch Suite 420,89119,Las Vegas,United States,D!eFgH_iJkL9mN
8093597035,Todd,Douglas,todddouglas@example.net,37,M,North Carolina,28924 Brandon Island,27612,Raleigh,United States,O_pQrS_tUvW_xY0z
3768699384,Vanessa,Jones,vanessajones@example.com,21,F,New Jersey,516 John Trail,8105,Camden,United States,A1b_CdE_fGhI_j2K
9192201895,Shari,Griffith,sharigriffith@example.org,18,F,Washington,95349 Raymond Greens,98208,Everett,United States,L3m_nOpQ_rStU_vW
3997467631,Ernest,Morris,ernestmorris@example.net,20,M,Pennsylvania,83782 Omar Rapids Apt. 945,17111,Lawnton,United States,X!yZa_bC_dE_fG5h
9354048106,Patrick,Johnson,patrickjohnson@example.org,35,M,Florida,80972 Owens Ranch,32159,Lady Lake,United States,I_jK6l_mN_oPq_R7s
7552075955,Juan,Morgan,juanmorgan@example.org,66,M,Utah,2281 Mckinney Land,84078,Naples,United States,T_uVwXyZ_aB_cD_eF
3614142517,Ann,Dennis,anndennis@example.com,20,F,North Carolina,10939 Allison Course,28092,Lincolnton,United States,G!hI_jK_lM_nO_pQ8r